[
	{
		"title": "remera Vans",
		"price": "2000",
		"id": 1
	},
	{
		"title": "pantalon HyM",
		"price": "4000",
		"id": 2
	},
	{
		"title": "zapatillas Captain Finn",
		"price": "10000",
		"id": 3
	},
	{
		"title": "campera Columbia",
		"price": "20000",
		"id": 4
	},
	{
		"title": "remera",
		"price": "4000",
		"id": 5
	},
	{
		"title": "pantalon",
		"price": "4000",
		"id": 6
	},
	{
		"title": "pantalon columbia",
		"price": "20000",
		"id": 7
	},
	{
		"title": "pantaloneta",
		"price": "5000",
		"id": 8
	},
	{
		"title": "remera cool has",
		"price": "3000",
		"id": 9
	},
	{
		"title": "asdfdasf",
		"price": "3000",
		"id": 10
	}
]